{"info":{"_postman_id":"c87de929-c393-4651-af38-233364781347","name":"REST API basics: CRUD, test & variable","description":"# 🚀 Get started here\n\nThis template guides you through CRUD operations (GET, POST, PUT, DELETE), variables, and tests.\n\n## 🔖 **How to use this template**\n\n#### **Step 1: Send requests**\n\nRESTful APIs allow you to perform CRUD operations using the POST, GET, PUT, and DELETE HTTP methods.\n\nThis collection contains each of these [request](https://learning.postman.com/docs/sending-requests/requests/) types. Open each request and click \"Send\" to see what happens.\n\n#### **Step 2: View responses**\n\nObserve the response tab for status code (200 OK), response time, and size.\n\n#### **Step 3: Send new Body data**\n\nUpdate or add new data in \"Body\" in the POST request. Typically, Body data is also used in PUT request.\n\n```\n{\n    \"name\": \"Add your name in the body\"\n}\n\n ```\n\n#### **Step 4: Update the variable**\n\nVariables enable you to store and reuse values in Postman. We have created a [variable](https://learning.postman.com/docs/sending-requests/variables/) called `base_url` with the sample request [https://postman-api-learner.glitch.me](https://postman-api-learner.glitch.me). Replace it with your API endpoint to customize this collection.\n\n#### **Step 5: Add tests in the \"Tests\" tab**\n\nTests help you confirm that your API is working as expected. You can write test scripts in JavaScript and view the output in the \"Test Results\" tab.\n\n<img src=\"https://content.pstmn.io/b5f280a7-4b09-48ec-857f-0a7ed99d7ef8/U2NyZWVuc2hvdCAyMDIzLTAzLTI3IGF0IDkuNDcuMjggUE0ucG5n\">\n\n## 💪 Pro tips\n\n- Use folders to group related requests and organize the collection.\n- Add more [scripts](https://learning.postman.com/docs/writing-scripts/intro-to-scripts/) in \"Tests\" to verify if the API works as expected and execute workflows.\n    \n\n## 💡Related templates\n\n[API testing basics](https://go.postman.co/redirect/workspace?type=personal&collectionTemplateId=e9a37a28-055b-49cd-8c7e-97494a21eb54&sourceTemplateId=ddb19591-3097-41cf-82af-c84273e56719)  \n[API documentation](https://go.postman.co/redirect/workspace?type=personal&collectionTemplateId=e9c28f47-1253-44af-a2f3-20dce4da1f18&sourceTemplateId=ddb19591-3097-41cf-82af-c84273e56719)  \n[Authorization methods](https://go.postman.co/redirect/workspace?type=personal&collectionTemplateId=31a9a6ed-4cdf-4ced-984c-d12c9aec1c27&sourceTemplateId=ddb19591-3097-41cf-82af-c84273e56719)","schema":"https://schema.getpostman.com/json/collection/v2.1.0/collection.json"},"item":[{"name":"LittleLemone","item":[{"name":"User registration","item":[{"name":"1-/api/users/","id":"da98bffb-7808-4103-8a7b-43bd1a7914b4","protocolProfileBehavior":{"disableBodyPruning":true},"request":{"auth":{"type":"oauth2","oauth2":[{"key":"headerPrefix","value":"Token","type":"string"},{"key":"addTokenTo","value":"header","type":"string"}]},"method":"POST","header":[],"body":{"mode":"formdata","formdata":[{"key":"email","value":"f@f.com","type":"text"},{"key":"username","value":"fli","type":"text"},{"key":"password","value":"Required. 150 characters","type":"text"}]},"url":{"raw":"127.0.0.1:8000/api/users/","host":["127","0","0","1"],"port":"8000","path":["api","users",""]}},"response":[]},{"name":"2-/api/users/users/me/","id":"ada35ab8-4b4b-4214-9061-1bbf0bba5513","protocolProfileBehavior":{"disableBodyPruning":true},"request":{"auth":{"type":"oauth2","oauth2":[{"key":"headerPrefix","value":"Token","type":"string"},{"key":"addTokenTo","value":"header","type":"string"}]},"method":"GET","header":[],"body":{"mode":"formdata","formdata":[]},"url":{"raw":"127.0.0.1:8000/api/users/users/me/","host":["127","0","0","1"],"port":"8000","path":["api","users","users","me",""]}},"response":[]},{"name":"3-/token/login/","id":"bcafe6e9-3c16-4f09-b9f0-ddce23b15bd8","protocolProfileBehavior":{"disableBodyPruning":true},"request":{"method":"POST","header":[],"body":{"mode":"formdata","formdata":[{"key":"username","value":"fli","type":"text","disabled":true},{"key":"password","value":"Required. 150 characters","type":"text","disabled":true},{"key":"username","value":"me6","type":"text","disabled":true},{"key":"password","value":"8811","type":"text","disabled":true},{"key":"username","value":"eli","type":"text","disabled":true},{"key":"password","value":"Required. 150 characters","type":"text","disabled":true},{"key":"username","value":"me66","type":"text"},{"key":"password","value":"Required. 150 characters","type":"text"}]},"url":{"raw":"127.0.0.1:8000/token/login/","host":["127","0","0","1"],"port":"8000","path":["token","login",""],"query":[{"key":"username","value":"me6","type":"text","disabled":true},{"key":"password","value":"8811","type":"text","disabled":true}]}},"response":[]}],"id":"02c89e03-746b-4998-80a4-2eb615420aa4"},{"name":"Menu-items endpoints","item":[{"name":"4-/api/menu-items","id":"7c85e604-0749-4b0a-ad48-b7b205c533ad","protocolProfileBehavior":{"disableBodyPruning":true},"request":{"auth":{"type":"noauth"},"method":"GET","header":[],"url":{"raw":"127.0.0.1:8000/api/menu-items","host":["127","0","0","1"],"port":"8000","path":["api","menu-items"]}},"response":[]},{"name":"5-/api/menu-items","id":"c7ddc085-d4fb-498a-9aa3-13edc0b32f23","protocolProfileBehavior":{"disableBodyPruning":true},"request":{"auth":{"type":"oauth2","oauth2":[{"key":"headerPrefix","value":"Token","type":"string"},{"key":"addTokenTo","value":"header","type":"string"}]},"method":"POST","header":[],"body":{"mode":"formdata","formdata":[{"key":"email","value":"d@d.com","type":"text","disabled":true},{"key":"username","value":"dli","type":"text","disabled":true},{"key":"password","value":"Required. 150 characters","type":"text","disabled":true}]},"url":{"raw":"127.0.0.1:8000/api/menu-items/","host":["127","0","0","1"],"port":"8000","path":["api","menu-items",""]}},"response":[]},{"name":"6-/api/menu-items/{menuItem}","id":"9c1bd031-7cac-4fe6-b39a-f93d59adfe0c","protocolProfileBehavior":{"disableBodyPruning":true},"request":{"auth":{"type":"noauth"},"method":"GET","header":[],"url":{"raw":"127.0.0.1:8000/api/menu-items/1","host":["127","0","0","1"],"port":"8000","path":["api","menu-items","1"]}},"response":[]},{"name":"7-/api/menu-items/{menuItem}","id":"8ce08786-8b2d-46b8-8505-abc7c8d8c9ec","protocolProfileBehavior":{"disableBodyPruning":true},"request":{"auth":{"type":"noauth"},"method":"POST","header":[],"url":{"raw":"127.0.0.1:8000/api/menu-items/1/","host":["127","0","0","1"],"port":"8000","path":["api","menu-items","1",""]}},"response":[]},{"name":"8-/api/menu-items/","id":"f9260396-599b-4779-ad63-f7d8d7469fe5","protocolProfileBehavior":{"disableBodyPruning":true},"request":{"auth":{"type":"oauth2","oauth2":[{"key":"headerPrefix","value":"Token","type":"string"},{"key":"addTokenTo","value":"header","type":"string"}]},"method":"GET","header":[],"body":{"mode":"formdata","formdata":[{"key":"email","value":"d@d.com","type":"text","disabled":true},{"key":"username","value":"dli","type":"text","disabled":true},{"key":"password","value":"Required. 150 characters","type":"text","disabled":true}]},"url":{"raw":"127.0.0.1:8000/api/menu-items/","host":["127","0","0","1"],"port":"8000","path":["api","menu-items",""]}},"response":[]},{"name":"9-/api/menu-items/","id":"24c650bc-94d5-4d2c-9715-25ec43f102ac","protocolProfileBehavior":{"disableBodyPruning":true},"request":{"auth":{"type":"oauth2","oauth2":[{"key":"headerPrefix","value":"Token","type":"string"},{"key":"addTokenTo","value":"header","type":"string"}]},"method":"POST","header":[],"body":{"mode":"formdata","formdata":[{"key":"email","value":"d@d.com","type":"text","disabled":true},{"key":"username","value":"dli","type":"text","disabled":true},{"key":"password","value":"Required. 150 characters","type":"text","disabled":true}]},"url":{"raw":"127.0.0.1:8000/api/menu-items/","host":["127","0","0","1"],"port":"8000","path":["api","menu-items",""]}},"response":[]},{"name":"10-/api/menu-items/{menuItem}","id":"66dbcb21-0f3c-4509-b7ac-0e825b471baf","protocolProfileBehavior":{"disableBodyPruning":true},"request":{"auth":{"type":"oauth2","oauth2":[{"key":"headerPrefix","value":"Token","type":"string"},{"key":"addTokenTo","value":"header","type":"string"}]},"method":"GET","header":[],"body":{"mode":"formdata","formdata":[{"key":"email","value":"d@d.com","type":"text","disabled":true},{"key":"username","value":"dli","type":"text","disabled":true},{"key":"password","value":"Required. 150 characters","type":"text","disabled":true}]},"url":{"raw":"127.0.0.1:8000/api/menu-items/1/","host":["127","0","0","1"],"port":"8000","path":["api","menu-items","1",""]}},"response":[]},{"name":"11-/api/menu-items/{menuItem}","id":"37c13765-aaa3-44e8-8386-a4a18a06352d","protocolProfileBehavior":{"disableBodyPruning":true},"request":{"auth":{"type":"oauth2","oauth2":[{"key":"headerPrefix","value":"Token","type":"string"},{"key":"addTokenTo","value":"header","type":"string"}]},"method":"PUT","header":[],"body":{"mode":"formdata","formdata":[{"key":"email","value":"d@d.com","type":"text","disabled":true},{"key":"username","value":"dli","type":"text","disabled":true},{"key":"password","value":"Required. 150 characters","type":"text","disabled":true}]},"url":{"raw":"127.0.0.1:8000/api/menu-items/1/","host":["127","0","0","1"],"port":"8000","path":["api","menu-items","1",""]}},"response":[]},{"name":"12-/api/menu-items/{menuItem}","id":"eda880e6-f71a-431e-a973-342a147d3218","protocolProfileBehavior":{"disableBodyPruning":true},"request":{"auth":{"type":"oauth2","oauth2":[{"key":"headerPrefix","value":"Token","type":"string"},{"key":"addTokenTo","value":"header","type":"string"}]},"method":"DELETE","header":[],"body":{"mode":"formdata","formdata":[{"key":"email","value":"d@d.com","type":"text","disabled":true},{"key":"username","value":"dli","type":"text","disabled":true},{"key":"password","value":"Required. 150 characters","type":"text","disabled":true}]},"url":{"raw":"127.0.0.1:8000/api/menu-items/1/","host":["127","0","0","1"],"port":"8000","path":["api","menu-items","1",""]}},"response":[]}],"id":"8c7f8d10-ae93-4d5b-8f00-78e023dc73b1"},{"name":"group management endpoints","item":[{"name":"13-/api/groups/manager/users","id":"3cef8ebb-eb69-4040-8dc4-78acb8b4ff60","protocolProfileBehavior":{"disableBodyPruning":true},"request":{"auth":{"type":"oauth2","oauth2":[{"key":"headerPrefix","value":"Token","type":"string"},{"key":"addTokenTo","value":"header","type":"string"}]},"method":"GET","header":[],"url":{"raw":"127.0.0.1:8000/api/groups/manager/users","host":["127","0","0","1"],"port":"8000","path":["api","groups","manager","users"]}},"response":[]},{"name":"14-/api/groups/manager/users","id":"1788ac56-87a6-4b84-bb33-51a31099bcb2","protocolProfileBehavior":{"disableBodyPruning":true},"request":{"auth":{"type":"oauth2","oauth2":[{"key":"headerPrefix","value":"Token","type":"string"},{"key":"addTokenTo","value":"header","type":"string"}]},"method":"POST","header":[],"body":{"mode":"formdata","formdata":[{"key":"email","value":"d@d.com","type":"text","disabled":true},{"key":"username","value":"jli","type":"text","disabled":true},{"key":"password","value":"Required. 150 characters","type":"text","disabled":true},{"key":"userId","value":"1","type":"text","disabled":true}]},"url":{"raw":"127.0.0.1:8000/api/groups/manager/users","host":["127","0","0","1"],"port":"8000","path":["api","groups","manager","users"]}},"response":[]},{"name":"15-/api/groups/manager/users/{userId}","id":"e9398972-59d1-4668-be61-2fc39c572c1d","protocolProfileBehavior":{"disableBodyPruning":true},"request":{"auth":{"type":"oauth2","oauth2":[{"key":"headerPrefix","value":"Token","type":"string"},{"key":"addTokenTo","value":"header","type":"string"}]},"method":"DELETE","header":[],"body":{"mode":"formdata","formdata":[{"key":"email","value":"d@d.com","type":"text","disabled":true},{"key":"username","value":"jli","type":"text","disabled":true},{"key":"password","value":"Required. 150 characters","type":"text","disabled":true},{"key":"userId","value":"1","type":"text","disabled":true}]},"url":{"raw":"127.0.0.1:8000/api/groups/manager/users/7/","host":["127","0","0","1"],"port":"8000","path":["api","groups","manager","users","7",""]}},"response":[]},{"name":"16-/api/groups/delivery-crew/users","id":"277b4afc-5083-42d0-b07b-17512f2dbde1","protocolProfileBehavior":{"disableBodyPruning":true},"request":{"auth":{"type":"oauth2","oauth2":[{"key":"headerPrefix","value":"Token","type":"string"},{"key":"addTokenTo","value":"header","type":"string"}]},"method":"GET","header":[],"url":{"raw":"127.0.0.1:8000/api/groups/delivery-crew/users","host":["127","0","0","1"],"port":"8000","path":["api","groups","delivery-crew","users"]}},"response":[]},{"name":"17-/api/groups/delivery-crew/users","id":"fc423268-7177-4c69-a2f0-8447c131a6fc","protocolProfileBehavior":{"disableBodyPruning":true},"request":{"auth":{"type":"oauth2","oauth2":[{"key":"headerPrefix","value":"Token","type":"string"},{"key":"addTokenTo","value":"header","type":"string"}]},"method":"POST","header":[],"body":{"mode":"formdata","formdata":[{"key":"username","value":"eli","type":"text"}]},"url":{"raw":"127.0.0.1:8000/api/groups/delivery-crew/users/","host":["127","0","0","1"],"port":"8000","path":["api","groups","delivery-crew","users",""]}},"response":[]},{"name":"18-/api/groups/delivery-crew/users/{userId}","id":"045905e3-d8c4-4907-b102-ee2a65c4466e","protocolProfileBehavior":{"disableBodyPruning":true},"request":{"auth":{"type":"oauth2","oauth2":[{"key":"headerPrefix","value":"Token","type":"string"},{"key":"addTokenTo","value":"header","type":"string"}]},"method":"DELETE","header":[],"body":{"mode":"formdata","formdata":[{"key":"username","value":"eli","type":"text","disabled":true}]},"url":{"raw":"127.0.0.1:8000/api/groups/delivery-crew/users/8/","host":["127","0","0","1"],"port":"8000","path":["api","groups","delivery-crew","users","8",""]}},"response":[]}],"id":"7a36604c-f1aa-413e-a550-1a64cd38ebfe"},{"name":"Cart management endpoints","item":[{"name":"19-/api/cart/menu-items","id":"b17e6a1d-9c7a-44c6-aed8-30f02daa8f70","protocolProfileBehavior":{"disableBodyPruning":true},"request":{"auth":{"type":"oauth2","oauth2":[{"key":"headerPrefix","value":"Token","type":"string"},{"key":"addTokenTo","value":"header","type":"string"}]},"method":"GET","header":[],"body":{"mode":"formdata","formdata":[{"key":"username","value":"eli","type":"text","disabled":true}]},"url":{"raw":"127.0.0.1:8000/api/cart/menu-items","host":["127","0","0","1"],"port":"8000","path":["api","cart","menu-items"]}},"response":[]},{"name":"20-/api/cart/menu-items","id":"7978b605-fae5-47e6-94f3-c12bcdc52d9f","protocolProfileBehavior":{"disableBodyPruning":true},"request":{"auth":{"type":"oauth2","oauth2":[{"key":"headerPrefix","value":"Token","type":"string"},{"key":"addTokenTo","value":"header","type":"string"}]},"method":"POST","header":[],"body":{"mode":"formdata","formdata":[{"key":"quantity","value":"3","type":"text"},{"key":"unit_price","value":"1.5","type":"text"},{"key":"price","value":"4.5","type":"text"},{"key":"menuitem","value":"2","type":"text"}]},"url":{"raw":"127.0.0.1:8000/api/cart/menu-items","host":["127","0","0","1"],"port":"8000","path":["api","cart","menu-items"]}},"response":[]},{"name":"21-/api/cart/menu-items","id":"c2b01171-a196-4964-88d7-3253a2a01039","protocolProfileBehavior":{"disableBodyPruning":true},"request":{"auth":{"type":"oauth2","oauth2":[{"key":"headerPrefix","value":"Token","type":"string"},{"key":"addTokenTo","value":"header","type":"string"}]},"method":"DELETE","header":[],"url":{"raw":"127.0.0.1:8000/api/cart/menu-items","host":["127","0","0","1"],"port":"8000","path":["api","cart","menu-items"]}},"response":[]}],"id":"97b125ea-a98b-4438-b690-2e1c01ba4d92"},{"name":"Order management endpoints","item":[{"name":"22-/api/orders->Customer-me6","id":"ff71bc0c-544a-4988-89a2-241d3479e6c7","protocolProfileBehavior":{"disableBodyPruning":true},"request":{"auth":{"type":"oauth2","oauth2":[{"key":"headerPrefix","value":"Token","type":"string"},{"key":"addTokenTo","value":"header","type":"string"}]},"method":"GET","header":[],"url":{"raw":"127.0.0.1:8000/api/orders","host":["127","0","0","1"],"port":"8000","path":["api","orders"]}},"response":[]},{"name":"23-/api/orders->Customer-me6","id":"9a2d3e29-e740-4948-a038-63cded0ed10f","protocolProfileBehavior":{"disableBodyPruning":true},"request":{"auth":{"type":"oauth2","oauth2":[{"key":"headerPrefix","value":"Token","type":"string"},{"key":"addTokenTo","value":"header","type":"string"}]},"method":"POST","header":[],"url":{"raw":"127.0.0.1:8000/api/orders/","host":["127","0","0","1"],"port":"8000","path":["api","orders",""]}},"response":[]},{"name":"24-/api/orders/{orderId}->Customer-me6","id":"cfecc081-6ddc-4be4-acbe-286d598b436d","protocolProfileBehavior":{"disableBodyPruning":true},"request":{"auth":{"type":"oauth2","oauth2":[{"key":"headerPrefix","value":"Token","type":"string"},{"key":"addTokenTo","value":"header","type":"string"}]},"method":"GET","header":[],"url":{"raw":"127.0.0.1:8000/api/orders/7/","host":["127","0","0","1"],"port":"8000","path":["api","orders","7",""]}},"response":[]},{"name":"25-/api/orders->Manager-eli","id":"e5157ac7-77a4-4351-a6ad-6e8a67adc68e","protocolProfileBehavior":{"disableBodyPruning":true},"request":{"auth":{"type":"oauth2","oauth2":[{"key":"headerPrefix","value":"Token","type":"string"},{"key":"addTokenTo","value":"header","type":"string"}]},"method":"GET","header":[],"url":{"raw":"127.0.0.1:8000/api/orders","host":["127","0","0","1"],"port":"8000","path":["api","orders"]}},"response":[]},{"name":"26-/api/orders/{orderId}->Manager-eli","id":"108cb4ab-d24a-409b-aeff-c7349673ec55","protocolProfileBehavior":{"disableBodyPruning":true},"request":{"auth":{"type":"oauth2","oauth2":[{"key":"headerPrefix","value":"Token","type":"string"},{"key":"addTokenTo","value":"header","type":"string"}]},"method":"PATCH","header":[],"body":{"mode":"formdata","formdata":[{"key":"delivery_crew","value":"1","type":"text"},{"key":"status","value":"0","type":"text"},{"key":"date","type":"text","value":"2024-02-21","disabled":true},{"key":"total","value":"50","type":"text","disabled":true},{"key":"user","value":"2","type":"text","disabled":true}]},"url":{"raw":"127.0.0.1:8000/api/orders/7/","host":["127","0","0","1"],"port":"8000","path":["api","orders","7",""]}},"response":[]},{"name":"27-/api/orders/{orderId}->Manager-eli","id":"3926f5c9-1dd1-4c69-b27d-66517e37091d","protocolProfileBehavior":{"disableBodyPruning":true},"request":{"auth":{"type":"oauth2","oauth2":[{"key":"headerPrefix","value":"Token","type":"string"},{"key":"addTokenTo","value":"header","type":"string"}]},"method":"DELETE","header":[],"body":{"mode":"formdata","formdata":[{"key":"delivery_crew","value":"1","type":"text"},{"key":"status","value":"0","type":"text"},{"key":"date","type":"text","value":"2024-02-21","disabled":true},{"key":"total","value":"50","type":"text","disabled":true},{"key":"user","value":"2","type":"text","disabled":true}]},"url":{"raw":"127.0.0.1:8000/api/orders/8/","host":["127","0","0","1"],"port":"8000","path":["api","orders","8",""]}},"response":[]},{"name":"28-/api/orders->Delivery crew-me66","id":"74078b37-8ba7-414f-b124-ba0ce9edbf8e","protocolProfileBehavior":{"disableBodyPruning":true},"request":{"auth":{"type":"oauth2","oauth2":[{"key":"headerPrefix","value":"Token","type":"string"},{"key":"addTokenTo","value":"header","type":"string"}]},"method":"GET","header":[],"url":{"raw":"127.0.0.1:8000/api/orders","host":["127","0","0","1"],"port":"8000","path":["api","orders"]}},"response":[]},{"name":"29-/api/orders/{orderId}->Deliverycrew-me66","id":"0351de71-2ba8-4c9c-a156-3f1e53b3ee8b","protocolProfileBehavior":{"disableBodyPruning":true},"request":{"auth":{"type":"oauth2","oauth2":[{"key":"headerPrefix","value":"Token","type":"string"},{"key":"addTokenTo","value":"header","type":"string"}]},"method":"PATCH","header":[],"body":{"mode":"formdata","formdata":[{"key":"delivery_crew","value":"1","type":"text","disabled":true},{"key":"status","value":"1","type":"text"},{"key":"date","type":"text","value":"2024-02-21","disabled":true},{"key":"total","value":"50","type":"text","disabled":true},{"key":"user","value":"2","type":"text","disabled":true}]},"url":{"raw":"127.0.0.1:8000/api/orders/9/","host":["127","0","0","1"],"port":"8000","path":["api","orders","9",""]}},"response":[]}],"id":"9e791f61-47d8-49cb-8ed0-5b9ac7f93d14"}],"id":"bb56607d-f2f9-4786-891b-aa078dc60fc9"},{"name":"Authentication","item":[{"name":"01-Access to the secret view","id":"b0463d02-f7e3-4662-a655-a169f05bc550","protocolProfileBehavior":{"disableBodyPruning":true},"request":{"auth":{"type":"oauth2","oauth2":[{"key":"headerPrefix","value":"Token","type":"string"},{"key":"addTokenTo","value":"header","type":"string"}]},"method":"GET","header":[],"url":{"raw":"127.0.0.1:8000/api/secret/","host":["127","0","0","1"],"port":"8000","path":["api","secret",""]}},"response":[]},{"name":"02-Receive token","id":"adc53ccc-233d-480f-9e75-1f731b5d207c","protocolProfileBehavior":{"disableBodyPruning":true},"request":{"method":"POST","header":[],"body":{"mode":"formdata","formdata":[{"key":"username","value":"b@b.com","type":"text"},{"key":"password","value":"b@b12345678","type":"text"}]},"url":{"raw":"127.0.0.1:8000/api/api-token-auth/","host":["127","0","0","1"],"port":"8000","path":["api","api-token-auth",""]}},"response":[]},{"name":"03-Access to the manager view","id":"cda724fc-a78d-4c63-9904-db0d90b65703","protocolProfileBehavior":{"disableBodyPruning":true},"request":{"auth":{"type":"oauth2","oauth2":[{"key":"headerPrefix","value":"Token","type":"string"},{"key":"addTokenTo","value":"header","type":"string"}]},"method":"GET","header":[],"url":{"raw":"127.0.0.1:8000/api/manager-view/","host":["127","0","0","1"],"port":"8000","path":["api","manager-view",""]}},"response":[]},{"name":"04-Check throttle Anon","id":"4166b78c-e3c5-4fa7-a32b-2360ccdcb0d9","protocolProfileBehavior":{"disableBodyPruning":true},"request":{"auth":{"type":"noauth"},"method":"GET","header":[],"url":{"raw":"127.0.0.1:8000/api/throttle-check/","host":["127","0","0","1"],"port":"8000","path":["api","throttle-check",""]}},"response":[]},{"name":"05-Check throttle User","id":"6b5893b5-68af-4e3f-a733-e75a2d6c9ab1","protocolProfileBehavior":{"disableBodyPruning":true},"request":{"auth":{"type":"oauth2","oauth2":[{"key":"headerPrefix","value":"Token","type":"string"},{"key":"addTokenTo","value":"header","type":"string"}]},"method":"GET","header":[],"url":{"raw":"127.0.0.1:8000/api/throttle-check-auth/","host":["127","0","0","1"],"port":"8000","path":["api","throttle-check-auth",""]}},"response":[]},{"name":"06-Check throttle for class-base","id":"20c5d4dc-8ace-47c0-a235-d2c7a57258b3","protocolProfileBehavior":{"disableBodyPruning":true},"request":{"method":"POST","header":[],"body":{"mode":"formdata","formdata":[{"key":"email","value":"a@a.com","type":"text"},{"key":"password","value":"a@a12345678","type":"text"},{"key":"password2","value":"a@a12345678","type":"text"}]},"url":{"raw":"127.0.0.1:8000/api/register/","host":["127","0","0","1"],"port":"8000","path":["api","register",""]}},"response":[]},{"name":"07-Djoser create new user","id":"8c199f05-57ef-4e88-bf99-a6d6058617f6","protocolProfileBehavior":{"disableBodyPruning":true},"request":{"method":"POST","header":[],"body":{"mode":"formdata","formdata":[{"key":"email","value":"aa@aa.com","type":"text"},{"key":"password","value":"aa@aa12345678","type":"text"},{"key":"re_password","value":"aa@aa12345678","type":"text"}]},"url":{"raw":"127.0.0.1:8000/auth/users/","host":["127","0","0","1"],"port":"8000","path":["auth","users",""]}},"response":[]},{"name":"08-Dj token create","id":"e5612d36-88ff-405e-9849-8ee5b4654267","protocolProfileBehavior":{"disableBodyPruning":true},"request":{"method":"POST","header":[],"body":{"mode":"formdata","formdata":[{"key":"email","value":"bb@bb.com","type":"text"},{"key":"password","value":"bb@bb12345678","type":"text"}]},"url":{"raw":"127.0.0.1:8000/auth/token/login/","host":["127","0","0","1"],"port":"8000","path":["auth","token","login",""]}},"response":[]},{"name":"09-Dj  token destroy","id":"615a8567-ad94-448a-bd4f-14618e9512bd","protocolProfileBehavior":{"disableBodyPruning":true},"request":{"auth":{"type":"oauth2","oauth2":[{"key":"headerPrefix","value":"Token","type":"string"},{"key":"addTokenTo","value":"header","type":"string"}]},"method":"POST","header":[],"body":{"mode":"formdata","formdata":[{"key":"email","value":"bb@bb.com","type":"text"},{"key":"password","value":"bb@bb12345678","type":"text"}]},"url":{"raw":"127.0.0.1:8000/auth/token/logout/","host":["127","0","0","1"],"port":"8000","path":["auth","token","logout",""]}},"response":[]},{"name":"10-Dj retrieve auth user","id":"232c3430-c0c5-4709-ba9c-3207f500349c","protocolProfileBehavior":{"disableBodyPruning":true},"request":{"auth":{"type":"oauth2","oauth2":[{"key":"headerPrefix","value":"Token","type":"string"},{"key":"addTokenTo","value":"header","type":"string"}]},"method":"GET","header":[],"url":{"raw":"127.0.0.1:8000/auth/users/me/","host":["127","0","0","1"],"port":"8000","path":["auth","users","me",""]}},"response":[]},{"name":"11-Dj change some attr of user","id":"8fb6cfe0-ff89-4356-b0e9-686ec107013c","protocolProfileBehavior":{"disableBodyPruning":true},"request":{"auth":{"type":"oauth2","oauth2":[{"key":"headerPrefix","value":"Token","type":"string"},{"key":"addTokenTo","value":"header","type":"string"}]},"method":"PATCH","header":[],"body":{"mode":"formdata","formdata":[{"key":"first_name","value":"mehdi","type":"text"}]},"url":{"raw":"127.0.0.1:8000/auth/users/me/","host":["127","0","0","1"],"port":"8000","path":["auth","users","me",""],"query":[{"key":"first_name","value":"mehdi","type":"text","disabled":true}]}},"response":[]},{"name":"12-Dj change all attr of user","id":"5fbbfb0e-772c-45f3-85d0-aed08e77ab37","protocolProfileBehavior":{"disableBodyPruning":true},"request":{"auth":{"type":"oauth2","oauth2":[{"key":"headerPrefix","value":"Token","type":"string"},{"key":"addTokenTo","value":"header","type":"string"}]},"method":"PUT","header":[],"body":{"mode":"formdata","formdata":[{"key":"first_name","value":"emadr","type":"text"}]},"url":{"raw":"127.0.0.1:8000/auth/users/me/","host":["127","0","0","1"],"port":"8000","path":["auth","users","me",""],"query":[{"key":"first_name","value":"mehdi","type":"text","disabled":true}]}},"response":[]},{"name":"13-Dj delete user","id":"1f188238-178d-4c19-a97b-582a9143379b","protocolProfileBehavior":{"disableBodyPruning":true},"request":{"auth":{"type":"oauth2","oauth2":[{"key":"headerPrefix","value":"Token","type":"string"},{"key":"addTokenTo","value":"header","type":"string"}]},"method":"DELETE","header":[],"body":{"mode":"formdata","formdata":[{"key":"current_password","value":"c@c12345678","type":"text"}]},"url":{"raw":"127.0.0.1:8000/auth/users/me/","host":["127","0","0","1"],"port":"8000","path":["auth","users","me",""],"query":[{"key":"first_name","value":"mehdi","type":"text","disabled":true}]}},"response":[]},{"name":"14-Dj new email","id":"3fd2f161-d569-44fe-ab40-a5e2d4fc42c6","protocolProfileBehavior":{"disableBodyPruning":true},"request":{"auth":{"type":"oauth2","oauth2":[{"key":"headerPrefix","value":"Token","type":"string"},{"key":"addTokenTo","value":"header","type":"string"}]},"method":"POST","header":[],"body":{"mode":"formdata","formdata":[{"key":"new_email","value":"bb@bb.com","type":"text"},{"key":"re_new_email","value":"b@bb.com","type":"text","disabled":true},{"key":"current_password","value":"b@b12345678","type":"text"}]},"url":{"raw":"http://localhost:8000/auth/users/set_email/","protocol":"http","host":["localhost"],"port":"8000","path":["auth","users","set_email",""],"query":[{"key":"first_name","value":"mehdi","type":"text","disabled":true}]}},"response":[]},{"name":"15-Dj set password","id":"53792e9f-855e-4734-a776-4c56798355ee","protocolProfileBehavior":{"disableBodyPruning":true},"request":{"auth":{"type":"oauth2","oauth2":[{"key":"headerPrefix","value":"Token","type":"string"},{"key":"addTokenTo","value":"header","type":"string"}]},"method":"POST","header":[],"body":{"mode":"formdata","formdata":[{"key":"current_password","value":"b@b12345678","type":"text"},{"key":"new_password","value":"bb@bb12345678","type":"text"},{"key":"re_new_password","value":"bb@bb12345678","type":"text"}]},"url":{"raw":"http://localhost:8000/auth/users/set_password/","protocol":"http","host":["localhost"],"port":"8000","path":["auth","users","set_password",""],"query":[{"key":"first_name","value":"mehdi","type":"text","disabled":true}]}},"response":[]},{"name":"16-Dj Send reset pass email","id":"6739313b-2eaa-420d-8c7d-62743f8d1559","protocolProfileBehavior":{"disableBodyPruning":true},"request":{"method":"POST","header":[],"body":{"mode":"formdata","formdata":[{"key":"email","value":"bb@bb.com","type":"text"}]},"url":{"raw":"http://localhost:8000/auth/users/reset_password/","protocol":"http","host":["localhost"],"port":"8000","path":["auth","users","reset_password",""],"query":[{"key":"first_name","value":"mehdi","type":"text","disabled":true}]}},"response":[]},{"name":"17-Dj confirm reset pass","id":"d3ab1e9a-a928-4df1-b4d5-bdbd06556cfb","protocolProfileBehavior":{"disableBodyPruning":true},"request":{"method":"POST","header":[],"body":{"mode":"formdata","formdata":[{"key":"uid","value":"Mg","type":"text"},{"key":"token","value":"c8qe0c-147ff1d4472ed55345fbf15187a7f084","type":"text"},{"key":"new_password","value":"bb@bb12345678","type":"text"},{"key":"re_new_password","value":"bb@bb12345678","type":"text"}]},"url":{"raw":"http://localhost:8000/auth/users/reset_password_confirm/","protocol":"http","host":["localhost"],"port":"8000","path":["auth","users","reset_password_confirm",""],"query":[{"key":"first_name","value":"mehdi","type":"text","disabled":true}]}},"response":[]},{"name":"18-Dj user activate","id":"59e57edb-3c7f-42cc-862b-7e749a674e06","protocolProfileBehavior":{"disableBodyPruning":true},"request":{"method":"POST","header":[],"body":{"mode":"formdata","formdata":[{"key":"uid","value":"Ng","type":"text"},{"key":"token","value":"c8rk6v-045b12836f90ff818609b9de26c84970","type":"text"}]},"url":{"raw":"127.0.0.1:8000/auth/users/activation/","host":["127","0","0","1"],"port":"8000","path":["auth","users","activation",""]}},"response":[]},{"name":"19-User resend activation E-mail","id":"35055c01-8f3d-4e62-beb1-8170cc5662ce","protocolProfileBehavior":{"disableBodyPruning":true},"request":{"method":"POST","header":[],"body":{"mode":"formdata","formdata":[{"key":"email","value":"aa@aa.com","type":"text"}]},"url":{"raw":"127.0.0.1:8000/auth/users/resend_activation/","host":["127","0","0","1"],"port":"8000","path":["auth","users","resend_activation",""]}},"response":[]}],"id":"9d9103a7-208c-4e87-a23b-202f85274552"}],"event":[{"listen":"prerequest","script":{"type":"text/javascript","exec":[""]}},{"listen":"test","script":{"type":"text/javascript","exec":[""]}}],"variable":[{"id":"315bf25a-2778-43f1-a62d-4e62d71d92d4","key":"id","value":"1"},{"id":"ecfe1aee-5d14-444d-9176-182a19d022ee","key":"base_url","value":"https://postman-rest-api-learner.glitch.me/"}]}